timestamp,elapsed_s,velocity_mpm,flow_lpm,motion_cm,session_id,source_file
2026-07-09 13:24:51+00:00,28.0,-0.058684931506848344,-184.85753424657227,0.8399999999999999,session-1783603457869-ue25e2,filtertrack-samples.csv
2026-07-09 13:24:52+00:00,29.0,-0.058876494023903984,-185.46095617529753,0.990000000000002,session-1783603457869-ue25e2,filtertrack-samples.csv
2026-07-09 13:24:59+00:00,36.0,-0.008727272727272448,-27.49090909090821,0.15000000000000213,session-1783603457869-ue25e2,filtertrack-samples.csv
2026-07-09 13:25:00+00:00,37.0,-0.007363636363636088,-23.195454545453675,0.15000000000000213,session-1783603457869-ue25e2,filtertrack-samples.csv
2026-07-09 13:25:01+00:00,38.0,-0.004090909090908936,-12.886363636363148,0.15000000000000213,session-1783603457869-ue25e2,filtertrack-samples.csv
2026-07-09 13:25:03+00:00,40.0,0.037168831168831344,117.08181818181873,-1.0600000000000023,session-1783603457869-ue25e2,filtertrack-samples.csv
2026-07-09 13:25:04+00:00,41.0,0.05559440559440581,175.12237762237828,-0.8900000000000041,session-1783603457869-ue25e2,filtertrack-samples.csv
2026-07-09 13:25:05+00:00,42.0,0.06680681818181851,210.4414772727283,-0.8900000000000041,session-1783603457869-ue25e2,filtertrack-samples.csv
2026-07-09 13:25:06+00:00,43.0,0.07257851239669381,228.6223140495855,-0.8900000000000041,session-1783603457869-ue25e2,filtertrack-samples.csv
2026-07-09 13:25:07+00:00,44.0,0.07374545454545466,232.29818181818214,-0.8900000000000041,session-1783603457869-ue25e2,filtertrack-samples.csv
2026-07-09 13:25:08+00:00,45.0,0.07051790633608876,222.13140495867958,-0.8900000000000041,session-1783603457869-ue25e2,filtertrack-samples.csv
2026-07-09 13:25:09+00:00,46.0,0.06242045454545466,196.6244318181822,-0.8850000000000051,session-1783603457869-ue25e2,filtertrack-samples.csv
2026-07-09 13:25:10+00:00,47.0,0.04888149350649367,153.97670454545505,-0.8943750000000001,session-1783603457869-ue25e2,filtertrack-samples.csv
2026-07-09 13:25:11+00:00,48.0,0.02756025592054975,86.81480614973171,-0.8929411764705861,session-1783603457869-ue25e2,filtertrack-samples.csv
2026-07-09 13:25:12+00:00,49.0,-0.005367513368984393,-16.90766711230084,0.16705882352941614,session-1783603457869-ue25e2,filtertrack-samples.csv
2026-07-09 13:25:13+00:00,50.0,-0.004384291443850436,-13.810518048128873,0.16562500000000213,session-1783603457869-ue25e2,filtertrack-samples.csv
2026-07-09 13:25:17+00:00,54.0,0.005495500281452856,17.3108258865765,-0.10263157894736707,session-1783603457869-ue25e2,filtertrack-samples.csv
2026-07-09 13:25:18+00:00,55.0,0.007085748964658293,22.32010923867362,-0.1114285714285721,session-1783603457869-ue25e2,filtertrack-samples.csv
2026-07-09 13:25:22+00:00,59.0,-0.002587890227419117,-8.151854216370218,0.16244117647058331,session-1783603457869-ue25e2,filtertrack-samples.csv
2026-07-09 13:25:23+00:00,60.0,-0.010412885853380653,-32.80059043814906,0.21596590909090096,session-1783603457869-ue25e2,filtertrack-samples.csv
2026-07-09 13:25:24+00:00,61.0,-0.023957506540110102,-75.46614560134682,0.5026041666666714,session-1783603457869-ue25e2,filtertrack-samples.csv
2026-07-09 13:25:25+00:00,62.0,-0.0353974621550697,-111.50200578846955,0.5749122807017564,session-1783603457869-ue25e2,filtertrack-samples.csv
2026-07-09 13:25:26+00:00,63.0,-0.04376268326191935,-137.85245227504595,0.6038211382113872,session-1783603457869-ue25e2,filtertrack-samples.csv
2026-07-09 13:25:27+00:00,64.0,-0.04911116615109546,-154.7001733759507,0.6632698768197152,session-1783603457869-ue25e2,filtertrack-samples.csv
2026-07-09 13:25:28+00:00,65.0,-0.05062536216253544,-159.46989081198663,0.7034285714285744,session-1783603457869-ue25e2,filtertrack-samples.csv
2026-07-09 13:25:29+00:00,66.0,-0.049750892673552594,-156.71531192169067,0.7235136897001411,session-1783603457869-ue25e2,filtertrack-samples.csv
2026-07-09 13:25:30+00:00,67.0,-0.04743220892425419,-149.4114581114007,0.7570333333333359,session-1783603457869-ue25e2,filtertrack-samples.csv
2026-07-09 13:25:31+00:00,68.0,-0.042272853846283515,-133.15948961579306,0.7909166666666607,session-1783603457869-ue25e2,filtertrack-samples.csv
2026-07-09 13:25:32+00:00,69.0,-0.034682944068777186,-109.25127381664814,0.6472796610169524,session-1783603457869-ue25e2,filtertrack-samples.csv
2026-07-09 13:25:33+00:00,70.0,-0.031720553303148574,-99.91974290491801,0.6785703812316797,session-1783603457869-ue25e2,filtertrack-samples.csv
2026-07-09 13:25:34+00:00,71.0,-0.02784077893785233,-87.69845365423484,0.47420955882353155,session-1783603457869-ue25e2,filtertrack-samples.csv
2026-07-09 13:25:35+00:00,72.0,-0.02957851186472941,-93.17231237389764,0.4650386996904068,session-1783603457869-ue25e2,filtertrack-samples.csv
2026-07-09 13:25:36+00:00,73.0,-0.030985513970570283,-97.6043690072964,0.47136933797909464,session-1783603457869-ue25e2,filtertrack-samples.csv
2026-07-09 13:25:37+00:00,74.0,-0.03161800816191441,-99.59672571003038,0.49818523153941996,session-1783603457869-ue25e2,filtertrack-samples.csv
2026-07-09 13:25:38+00:00,75.0,-0.031465422175033654,-99.116079851356,0.5175238095238122,session-1783603457869-ue25e2,filtertrack-samples.csv
2026-07-09 13:25:39+00:00,76.0,-0.03056013420567799,-96.26442274788567,0.5001694915254227,session-1783603457869-ue25e2,filtertrack-samples.csv
2026-07-09 13:25:40+00:00,77.0,-0.02998231359501181,-94.4442878242872,0.5003771929824588,session-1783603457869-ue25e2,filtertrack-samples.csv
2026-07-09 13:25:41+00:00,78.0,-0.029262718594597076,-92.17756357298079,0.5144858757062103,session-1783603457869-ue25e2,filtertrack-samples.csv
2026-07-09 13:25:42+00:00,79.0,-0.02758361719175818,-86.88839415403827,0.4792548217416659,session-1783603457869-ue25e2,filtertrack-samples.csv
2026-07-09 13:25:43+00:00,80.0,-0.02646609352365504,-83.36819459951337,0.440202346041044,session-1783603457869-ue25e2,filtertrack-samples.csv
2026-07-09 13:25:44+00:00,81.0,-0.026976299112462528,-84.97534220425695,0.4545588235294069,session-1783603457869-ue25e2,filtertrack-samples.csv
2026-07-09 13:25:45+00:00,82.0,-0.028011943263792725,-88.23762128094708,0.46828031212484333,session-1783603457869-ue25e2,filtertrack-samples.csv
2026-07-09 13:25:46+00:00,83.0,-0.02943603552163802,-92.72351189315977,0.5044693877550976,session-1783603457869-ue25e2,filtertrack-samples.csv
2026-07-09 13:25:47+00:00,84.0,-0.029971878297871825,-94.41141663829625,0.5005882352941171,session-1783603457869-ue25e2,filtertrack-samples.csv
2026-07-09 13:25:48+00:00,85.0,-0.029813694512432463,-93.91313771416225,0.47759157509156935,session-1783603457869-ue25e2,filtertrack-samples.csv
2026-07-09 13:25:49+00:00,86.0,-0.0294967204976146,-92.91466956748599,0.4720433145009295,session-1783603457869-ue25e2,filtertrack-samples.csv
2026-07-09 13:25:50+00:00,87.0,-0.02948784485591773,-92.88671129614086,0.48306220095693675,session-1783603457869-ue25e2,filtertrack-samples.csv
2026-07-09 13:25:51+00:00,88.0,-0.029788472977833692,-93.83368988017612,0.49593836671802904,session-1783603457869-ue25e2,filtertrack-samples.csv
2026-07-09 13:25:52+00:00,89.0,-0.029685707140694406,-93.50997749318738,0.49851097178683546,session-1783603457869-ue25e2,filtertrack-samples.csv
2026-07-09 13:25:53+00:00,90.0,-0.029104460941400824,-91.6790519654126,0.49945779220780295,session-1783603457869-ue25e2,filtertrack-samples.csv
2026-07-09 13:25:54+00:00,91.0,-0.028316878789659255,-89.19816818742665,0.48311229946523326,session-1783603457869-ue25e2,filtertrack-samples.csv
2026-07-09 13:25:55+00:00,92.0,-0.027259340390955424,-85.86692223150959,0.44530204081632263,session-1783603457869-ue25e2,filtertrack-samples.csv
2026-07-09 13:25:56+00:00,93.0,-0.02665266568318369,-83.95589690202863,0.4292734693877591,session-1783603457869-ue25e2,filtertrack-samples.csv
2026-07-09 13:25:57+00:00,94.0,-0.02671318207003085,-84.14652352059717,0.43507803121248045,session-1783603457869-ue25e2,filtertrack-samples.csv
2026-07-09 13:25:58+00:00,95.0,-0.026649808901056147,-83.94689803832686,0.44676216640502275,session-1783603457869-ue25e2,filtertrack-samples.csv
2026-07-09 13:25:59+00:00,96.0,-0.02732480761230074,-86.07314397874734,0.49648888888889786,session-1783603457869-ue25e2,filtertrack-samples.csv
2026-07-09 13:26:00+00:00,97.0,-0.028211173304392108,-88.86519590883513,0.5033794466403165,session-1783603457869-ue25e2,filtertrack-samples.csv
2026-07-09 13:26:01+00:00,98.0,-0.028833908621587377,-90.82681215800024,0.47540909090909267,session-1783603457869-ue25e2,filtertrack-samples.csv
2026-07-09 13:26:02+00:00,99.0,-0.03023262338930756,-95.23276367631881,0.5016707616707627,session-1783603457869-ue25e2,filtertrack-samples.csv
2026-07-09 13:26:03+00:00,100.0,-0.0319662247998702,-100.69360811959112,0.529553571428572,session-1783603457869-ue25e2,filtertrack-samples.csv
2026-07-09 13:26:04+00:00,101.0,-0.038497856021529095,-121.26824646781664,0.7181193181818308,session-1783603457869-ue25e2,filtertrack-samples.csv
2026-07-09 13:26:05+00:00,102.0,-0.047850452414381475,-150.72892510530164,0.8948000000000071,session-1783603457869-ue25e2,filtertrack-samples.csv
2026-07-09 13:26:06+00:00,103.0,-0.0707604859538185,-222.89553075452827,1.503084210526307,session-1783603457869-ue25e2,filtertrack-samples.csv
2026-07-09 13:26:48+00:00,145.0,-0.23607736029419418,-743.6436849267117,3.6156956521739403,session-1783603457869-ue25e2,filtertrack-samples.csv
2026-07-09 13:26:49+00:00,146.0,-0.24029791303747267,-756.9384260680389,4.1397083333333455,session-1783603457869-ue25e2,filtertrack-samples.csv
2026-07-09 13:26:50+00:00,147.0,-0.23853701685294698,-751.391603086783,3.9049777777777877,session-1783603457869-ue25e2,filtertrack-samples.csv
2026-07-09 13:26:51+00:00,148.0,-0.24557035443465255,-773.5466164691555,4.08353968253968,session-1783603457869-ue25e2,filtertrack-samples.csv
2026-07-09 13:26:52+00:00,149.0,-0.24722983920250932,-778.7739934879044,3.8957763975155473,session-1783603457869-ue25e2,filtertrack-samples.csv
2026-07-09 13:26:53+00:00,150.0,-0.23948815702136925,-754.3876946173132,3.7337632850241533,session-1783603457869-ue25e2,filtertrack-samples.csv
2026-07-09 13:26:54+00:00,151.0,-0.21852976864787096,-688.3687712407935,3.3861897018970097,session-1783603457869-ue25e2,filtertrack-samples.csv
2026-07-09 13:26:55+00:00,152.0,-0.19207671335063142,-605.041647054489,3.0803519668736925,session-1783603457869-ue25e2,filtertrack-samples.csv
2026-07-09 13:26:56+00:00,153.0,-0.16350464064931647,-515.0396180453469,2.681646464646448,session-1783603457869-ue25e2,filtertrack-samples.csv
2026-07-09 13:26:57+00:00,154.0,-0.14626547558195366,-460.736248083154,2.6719148936170143,session-1783603457869-ue25e2,filtertrack-samples.csv
2026-07-09 13:26:58+00:00,155.0,-0.13424823185566107,-422.8819303453323,2.6365171137834977,session-1783603457869-ue25e2,filtertrack-samples.csv
2026-07-09 13:27:06+00:00,163.0,-0.2653945786348929,-835.9929226999127,4.378051948051947,session-1783603457869-ue25e2,filtertrack-samples.csv
2026-07-09 13:27:07+00:00,164.0,-0.24056985321373184,-757.7950376232553,3.6460319148936122,session-1783603457869-ue25e2,filtertrack-samples.csv
2026-07-09 13:27:08+00:00,165.0,-0.22136276436629954,-697.2927077538435,3.4093221177634803,session-1783603457869-ue25e2,filtertrack-samples.csv
2026-07-09 13:27:16+00:00,173.0,-0.020160414712478564,-63.50530634430747,0.14078397212544758,session-1783603457869-ue25e2,filtertrack-samples.csv
2026-07-09 13:27:17+00:00,174.0,-0.0402566849736253,-126.8085576669197,0.8711981132075408,session-1783603457869-ue25e2,filtertrack-samples.csv
2026-07-09 13:27:18+00:00,175.0,-0.049242266678046646,-155.11314003584693,0.8906537955243579,session-1783603457869-ue25e2,filtertrack-samples.csv
2026-07-09 13:27:19+00:00,176.0,-0.0590606722172541,-186.0411174843504,0.9760119047619327,session-1783603457869-ue25e2,filtertrack-samples.csv
2026-07-09 13:27:20+00:00,177.0,-0.06900911608220751,-217.37871565895367,1.1395172413793233,session-1783603457869-ue25e2,filtertrack-samples.csv
2026-07-09 13:27:21+00:00,178.0,-0.07435968620087637,-234.23301153276054,1.101008856372772,session-1783603457869-ue25e2,filtertrack-samples.csv
2026-07-09 13:27:22+00:00,179.0,-0.07714461888103143,-243.00554947524898,1.111176470588262,session-1783603457869-ue25e2,filtertrack-samples.csv
2026-07-09 13:27:23+00:00,180.0,-0.07919197653117353,-249.45472607319664,1.2272727272727195,session-1783603457869-ue25e2,filtertrack-samples.csv
2026-07-09 13:27:24+00:00,181.0,-0.07616912774760455,-239.93275240495433,1.130558265582664,session-1783603457869-ue25e2,filtertrack-samples.csv
2026-07-09 13:27:25+00:00,182.0,-0.07766737551714932,-244.65223287902035,1.4235962636222155,session-1783603457869-ue25e2,filtertrack-samples.csv
2026-07-09 13:27:26+00:00,183.0,-0.06453277587117837,-203.27824399421186,1.0870731707316992,session-1783603457869-ue25e2,filtertrack-samples.csv
2026-07-09 13:27:27+00:00,184.0,-0.0567419324171241,-178.7370871139409,1.0283018867924625,session-1783603457869-ue25e2,filtertrack-samples.csv
2026-07-09 13:27:34+00:00,191.0,-0.004824141680907589,-15.196046294858904,0.19121951219510436,session-1783603457869-ue25e2,filtertrack-samples.csv
2026-07-09 13:27:35+00:00,192.0,0.012996818231534861,40.93997742933481,-0.37892830746488926,session-1783603457869-ue25e2,filtertrack-samples.csv
2026-07-09 13:27:36+00:00,193.0,0.01720271633016511,54.18855644002009,-0.21815789473684788,session-1783603457869-ue25e2,filtertrack-samples.csv
2026-07-09 13:27:37+00:00,194.0,0.039034085067912505,122.95736796392438,-0.7102222222222281,session-1783603457869-ue25e2,filtertrack-samples.csv
2026-07-09 13:27:43+00:00,200.0,0.06650194773273793,209.48113535812448,-1.0260344827586323,session-1783603457869-ue25e2,filtertrack-samples.csv
2026-07-09 13:27:44+00:00,201.0,0.060533189053151845,190.6795455174283,-1.0144444444444645,session-1783603457869-ue25e2,filtertrack-samples.csv
2026-07-09 13:27:45+00:00,202.0,0.049320104285528944,155.35832849941616,-0.773380355276899,session-1783603457869-ue25e2,filtertrack-samples.csv
2026-07-09 13:27:46+00:00,203.0,0.04031457152702453,126.99090031012727,-0.6408421052631468,session-1783603457869-ue25e2,filtertrack-samples.csv
2026-07-09 13:27:47+00:00,204.0,0.030555622997692527,96.25021244273145,-0.4869206349206223,session-1783603457869-ue25e2,filtertrack-samples.csv
2026-07-09 13:27:48+00:00,205.0,0.01934152409241877,60.925800891119124,-0.27006868131870476,session-1783603457869-ue25e2,filtertrack-samples.csv
2026-07-09 13:27:49+00:00,206.0,0.007127381291647372,22.451251068689224,-0.13142946708465786,session-1783603457869-ue25e2,filtertrack-samples.csv
2026-07-09 13:27:50+00:00,207.0,-0.008276304249256471,-26.070358385157885,0.10384687208215837,session-1783603457869-ue25e2,filtertrack-samples.csv
2026-07-09 13:27:51+00:00,208.0,-0.02371223942982631,-74.69355420395287,0.39859183673469545,session-1783603457869-ue25e2,filtertrack-samples.csv
2026-07-09 13:27:52+00:00,209.0,-0.03306171873597788,-104.14441401833031,0.5103984526111986,session-1783603457869-ue25e2,filtertrack-samples.csv
2026-07-09 13:27:53+00:00,210.0,-0.04042429413848715,-127.33652653623453,0.6166594827586351,session-1783603457869-ue25e2,filtertrack-samples.csv
2026-07-09 13:27:54+00:00,211.0,-0.04764280713005863,-150.0748424596847,0.7202444444444893,session-1783603457869-ue25e2,filtertrack-samples.csv
2026-07-09 13:27:55+00:00,212.0,-0.050895819002052714,-160.32182985646602,0.7319950738916106,session-1783603457869-ue25e2,filtertrack-samples.csv
2026-07-09 13:27:56+00:00,213.0,-0.0539464936382154,-169.93145496037852,0.8655306122449105,session-1783603457869-ue25e2,filtertrack-samples.csv
2026-07-09 13:27:57+00:00,214.0,-0.053056291810939,-167.12731920445788,0.8621428571428709,session-1783603457869-ue25e2,filtertrack-samples.csv
2026-07-09 13:27:58+00:00,215.0,-0.042224973653187385,-133.00866700754028,0.5601709726443858,session-1783603457869-ue25e2,filtertrack-samples.csv
2026-07-09 13:27:59+00:00,216.0,-0.028667466335050223,-90.30251895540819,0.37273840445271844,session-1783603457869-ue25e2,filtertrack-samples.csv
2026-07-09 13:28:00+00:00,217.0,-0.011907480139503795,-37.50856243943696,0.10055863854978497,session-1783603457869-ue25e2,filtertrack-samples.csv
2026-07-09 13:28:02+00:00,219.0,0.01743354622824036,54.91567061895713,-0.22443053817272585,session-1783603457869-ue25e2,filtertrack-samples.csv
2026-07-09 13:28:03+00:00,220.0,0.03436286006747114,108.24300921253409,-0.49166666666666003,session-1783603457869-ue25e2,filtertrack-samples.csv
2026-07-09 13:28:04+00:00,221.0,0.05572889675832404,175.54602478872073,-0.9769904761904797,session-1783603457869-ue25e2,filtertrack-samples.csv
2026-07-09 13:28:05+00:00,222.0,0.07153893090823334,225.347632360935,-1.0709006211179855,session-1783603457869-ue25e2,filtertrack-samples.csv
2026-07-09 13:28:06+00:00,223.0,0.08403168269856297,264.6998005004733,-1.3141776710684496,session-1783603457869-ue25e2,filtertrack-samples.csv
2026-07-09 13:28:07+00:00,224.0,0.08726670230510732,274.89011226108806,-1.3997058823529613,session-1783603457869-ue25e2,filtertrack-samples.csv
2026-07-09 13:28:08+00:00,225.0,0.08702337127069913,274.12361950270224,-1.356640752864152,session-1783603457869-ue25e2,filtertrack-samples.csv
2026-07-09 13:28:09+00:00,226.0,0.08587574252676876,270.50858895932157,-1.3049133615710389,session-1783603457869-ue25e2,filtertrack-samples.csv
2026-07-09 13:28:10+00:00,227.0,0.0813539021559291,256.2647917911766,-1.2118658280922432,session-1783603457869-ue25e2,filtertrack-samples.csv
2026-07-09 13:28:11+00:00,228.0,0.07414780722562396,233.56559276071548,-1.1818681318681001,session-1783603457869-ue25e2,filtertrack-samples.csv
2026-07-09 13:28:12+00:00,229.0,0.0620912392692126,195.5874036980197,-1.0666951871657488,session-1783603457869-ue25e2,filtertrack-samples.csv
2026-07-09 13:28:13+00:00,230.0,0.0487191653903959,153.4653709797471,-0.9396034946236682,session-1783603457869-ue25e2,filtertrack-samples.csv
2026-07-09 13:28:14+00:00,231.0,0.03510566059903863,110.58283088697166,-0.5904224270353495,session-1783603457869-ue25e2,filtertrack-samples.csv
2026-07-09 13:28:15+00:00,232.0,0.02859977520441046,90.08929189389295,-0.49211781206174976,session-1783603457869-ue25e2,filtertrack-samples.csv
2026-07-09 13:28:16+00:00,233.0,0.022350681363939893,70.40464629641066,-0.4135004821600603,session-1783603457869-ue25e2,filtertrack-samples.csv
2026-07-09 13:28:17+00:00,234.0,0.0156997004289693,49.4540563512533,-0.3148023143683787,session-1783603457869-ue25e2,filtertrack-samples.csv
2026-07-09 13:28:18+00:00,235.0,0.008926431035647555,28.118257762289797,-0.1353490028490114,session-1783603457869-ue25e2,filtertrack-samples.csv
2026-07-09 13:28:23+00:00,240.0,-0.014061827024891995,-44.29475512840978,0.3492451612903409,session-1783603457869-ue25e2,filtertrack-samples.csv
2026-07-09 13:28:24+00:00,241.0,-0.023906112808430538,-75.30425534655619,0.4761227071473826,session-1783603457869-ue25e2,filtertrack-samples.csv
2026-07-09 13:28:25+00:00,242.0,-0.03278472669270824,-103.27188908203094,0.5654554079696652,session-1783603457869-ue25e2,filtertrack-samples.csv
2026-07-09 13:28:26+00:00,243.0,-0.039680536474068696,-124.99368989331639,0.6153783102143677,session-1783603457869-ue25e2,filtertrack-samples.csv
2026-07-09 13:28:27+00:00,244.0,-0.04412383711918009,-138.99008692541727,0.6378755436600869,session-1783603457869-ue25e2,filtertrack-samples.csv
2026-07-09 13:28:28+00:00,245.0,-0.04502120875184903,-141.81680756832444,0.5952116402116445,session-1783603457869-ue25e2,filtertrack-samples.csv
2026-07-09 13:28:29+00:00,246.0,-0.04312070105395122,-135.83020831994637,0.5568627450980301,session-1783603457869-ue25e2,filtertrack-samples.csv
2026-07-09 13:28:30+00:00,247.0,-0.03706105674103314,-116.74232873425439,0.4759188034188213,session-1783603457869-ue25e2,filtertrack-samples.csv
2026-07-09 13:28:31+00:00,248.0,-0.027698615225315307,-87.25063795974322,0.42481792717084943,session-1783603457869-ue25e2,filtertrack-samples.csv
2026-07-09 13:28:32+00:00,249.0,-0.013301006915608699,-41.8981717841674,0.3094134727061686,session-1783603457869-ue25e2,filtertrack-samples.csv
2026-07-09 13:28:33+00:00,250.0,-0.0006645021365209842,-2.0931817300411,0.14774615384615686,session-1783603457869-ue25e2,filtertrack-samples.csv
2026-07-09 13:28:35+00:00,252.0,0.0130827964394404,41.21080878423726,-0.14087551299590473,session-1783603457869-ue25e2,filtertrack-samples.csv
2026-07-09 13:28:36+00:00,253.0,0.015315394744660461,48.24349344568045,-0.1877863247863587,session-1783603457869-ue25e2,filtertrack-samples.csv
2026-07-09 13:28:37+00:00,254.0,0.015332098356339165,48.29610982246837,-0.22716734693879914,session-1783603457869-ue25e2,filtertrack-samples.csv
2026-07-09 13:28:38+00:00,255.0,0.013265982501766456,41.787844880564336,-0.21628571428573196,session-1783603457869-ue25e2,filtertrack-samples.csv
2026-07-09 13:28:39+00:00,256.0,0.01061098909617971,33.42461565296608,-0.21174019607843775,session-1783603457869-ue25e2,filtertrack-samples.csv
2026-07-09 13:28:40+00:00,257.0,0.006041158846757262,19.029650367285374,-0.10439952904239647,session-1783603457869-ue25e2,filtertrack-samples.csv
2026-07-09 13:28:56+00:00,273.0,0.00435378834782436,13.714433295646735,-0.1034494773519441,session-1783603457869-ue25e2,filtertrack-samples.csv
2026-07-09 13:29:32+00:00,20.0,-0.00922800617777105,-29.068219459978806,0.2068233082706712,session-1783603749411-du6syw,filtertrack-samples2.csv
2026-07-09 13:29:33+00:00,21.0,-0.011831272385298342,-37.268508013689775,0.2629441391941185,session-1783603749411-du6syw,filtertrack-samples2.csv
2026-07-09 13:29:34+00:00,22.0,-0.012517818421236731,-39.431128026895706,0.22094823415578446,session-1783603749411-du6syw,filtertrack-samples2.csv
2026-07-09 13:29:35+00:00,23.0,-0.012186440264325108,-38.387286832624085,0.15492937853109368,session-1783603749411-du6syw,filtertrack-samples2.csv
2026-07-09 13:29:36+00:00,24.0,-0.01320072999884559,-41.5822994963636,0.2019166666666905,session-1783603749411-du6syw,filtertrack-samples2.csv
2026-07-09 13:29:37+00:00,25.0,-0.014023247776503376,-44.173230495985635,0.1972921711057296,session-1783603749411-du6syw,filtertrack-samples2.csv
2026-07-09 13:29:38+00:00,26.0,-0.015791203590702563,-49.74229131071307,0.2496449275362096,session-1783603749411-du6syw,filtertrack-samples2.csv
2026-07-09 13:29:39+00:00,27.0,-0.015403247490732321,-48.52022959580681,0.21838993710690602,session-1783603749411-du6syw,filtertrack-samples2.csv
2026-07-09 13:29:40+00:00,28.0,-0.014311330866735842,-45.0806922302179,0.2541777777777554,session-1783603749411-du6syw,filtertrack-samples2.csv
2026-07-09 13:29:41+00:00,29.0,-0.008738776163834772,-27.527144916079532,0.14268707482992227,session-1783603749411-du6syw,filtertrack-samples2.csv
2026-07-09 13:29:51+00:00,39.0,-0.012627831763996815,-39.77767005658996,0.2270567375886543,session-1783603749411-du6syw,filtertrack-samples2.csv
2026-07-09 13:29:52+00:00,40.0,-0.016695743782115736,-52.59159291366457,0.2750715033135549,session-1783603749411-du6syw,filtertrack-samples2.csv
2026-07-09 13:29:53+00:00,41.0,-0.020312224782698934,-63.98350806550164,0.33946229508195813,session-1783603749411-du6syw,filtertrack-samples2.csv
2026-07-09 13:29:54+00:00,42.0,-0.022684448931083262,-71.45601413291227,0.3634980237154366,session-1783603749411-du6syw,filtertrack-samples2.csv
2026-07-09 13:29:55+00:00,43.0,-0.02288405654936623,-72.08477813050362,0.32530303030303287,session-1783603749411-du6syw,filtertrack-samples2.csv
2026-07-09 13:29:56+00:00,44.0,-0.018627887476803186,-58.677845551930034,0.1720690737833479,session-1783603749411-du6syw,filtertrack-samples2.csv
2026-07-09 13:29:57+00:00,45.0,-0.01320208528313645,-41.586568641879815,0.1287627590473619,session-1783603749411-du6syw,filtertrack-samples2.csv
2026-07-09 13:30:00+00:00,48.0,0.013330389047166524,41.99072549857455,-0.15780219780218374,session-1783603749411-du6syw,filtertrack-samples2.csv
2026-07-09 13:30:01+00:00,49.0,0.022292028383379212,70.21988940764453,-0.2988988428518127,session-1783603749411-du6syw,filtertrack-samples2.csv
2026-07-09 13:30:02+00:00,50.0,0.028150544750733985,88.67421596481205,-0.3645496453900421,session-1783603749411-du6syw,filtertrack-samples2.csv
2026-07-09 13:30:03+00:00,51.0,0.03157193829410297,99.45160562642435,-0.43457499999999527,session-1783603749411-du6syw,filtertrack-samples2.csv
2026-07-09 13:30:04+00:00,52.0,0.03132925605059064,98.68715655936052,-0.47380105401846606,session-1783603749411-du6syw,filtertrack-samples2.csv
2026-07-09 13:30:05+00:00,53.0,0.02784338779678,87.706671559857,-0.4667171717171641,session-1783603749411-du6syw,filtertrack-samples2.csv
2026-07-09 13:30:06+00:00,54.0,0.02163800480210953,68.15971512664503,-0.32383219954648723,session-1783603749411-du6syw,filtertrack-samples2.csv
2026-07-09 13:30:07+00:00,55.0,0.01724710991673537,54.32839623771642,-0.29342318059300965,session-1783603749411-du6syw,filtertrack-samples2.csv
2026-07-09 13:30:08+00:00,56.0,0.012275538026415653,38.66794478320931,-0.24574025974030178,session-1783603749411-du6syw,filtertrack-samples2.csv
2026-07-09 13:30:09+00:00,57.0,0.007440929454537106,23.438927781791882,-0.15198577172903072,session-1783603749411-du6syw,filtertrack-samples2.csv
2026-07-09 13:30:33+00:00,81.0,0.006381969596835762,20.10320423003265,-0.15564125831819808,session-1783603749411-du6syw,filtertrack-samples2.csv
2026-07-09 13:30:34+00:00,82.0,0.011504191159009516,36.23820215087997,-0.2546129032258335,session-1783603749411-du6syw,filtertrack-samples2.csv
2026-07-09 13:30:35+00:00,83.0,0.01609926943066097,50.71269870658206,-0.2766648706896859,session-1783603749411-du6syw,filtertrack-samples2.csv
2026-07-09 13:30:36+00:00,84.0,0.020817820586855395,65.57613484859449,-0.3289122807017719,session-1783603749411-du6syw,filtertrack-samples2.csv
2026-07-09 13:30:37+00:00,85.0,0.02812759482917275,88.60192371189416,-0.4918937500000027,session-1783603749411-du6syw,filtertrack-samples2.csv
2026-07-09 13:30:38+00:00,86.0,0.0330747424481163,104.18543871156633,-0.514258241758256,session-1783603749411-du6syw,filtertrack-samples2.csv
2026-07-09 13:30:39+00:00,87.0,0.03536917715496905,111.41290803815251,-0.49905769230768726,session-1783603749411-du6syw,filtertrack-samples2.csv
2026-07-09 13:30:40+00:00,88.0,0.03499387886754424,110.23071843276435,-0.47303030303031335,session-1783603749411-du6syw,filtertrack-samples2.csv
2026-07-09 13:30:41+00:00,89.0,0.03151971782671213,99.2871111541432,-0.43212475633528413,session-1783603749411-du6syw,filtertrack-samples2.csv
2026-07-09 13:30:42+00:00,90.0,0.025946072781750543,81.7301292625142,-0.41278657616894066,session-1783603749411-du6syw,filtertrack-samples2.csv
2026-07-09 13:30:43+00:00,91.0,0.018413797124269476,58.00346094144885,-0.31791340052258477,session-1783603749411-du6syw,filtertrack-samples2.csv
2026-07-09 13:30:45+00:00,93.0,-0.005770128911395648,-18.17590607089629,0.13562747314867352,session-1783603749411-du6syw,filtertrack-samples2.csv
2026-07-09 13:30:46+00:00,94.0,-0.017530394233809563,-55.220741836500125,0.20604131295981176,session-1783603749411-du6syw,filtertrack-samples2.csv
2026-07-09 13:30:47+00:00,95.0,-0.02671363351453138,-84.14794557077384,0.36580000000000723,session-1783603749411-du6syw,filtertrack-samples2.csv
2026-07-09 13:30:48+00:00,96.0,-0.02988875317802255,-94.14957251077102,0.39339285714285666,session-1783603749411-du6syw,filtertrack-samples2.csv
2026-07-09 13:30:49+00:00,97.0,-0.02994096222272602,-94.31403100158695,0.3855147058823434,session-1783603749411-du6syw,filtertrack-samples2.csv
2026-07-09 13:30:50+00:00,98.0,-0.027296847607204112,-85.98506996269295,0.3504732254047269,session-1783603749411-du6syw,filtertrack-samples2.csv
2026-07-09 13:30:51+00:00,99.0,-0.019580777083331773,-61.679447812495084,0.18954985754986353,session-1783603749411-du6syw,filtertrack-samples2.csv
2026-07-09 13:30:54+00:00,102.0,0.01662700395127163,52.37506244650563,-0.14890642939151633,session-1783603749411-du6syw,filtertrack-samples2.csv
2026-07-09 13:30:55+00:00,103.0,0.024140595852232494,76.04287693453234,-0.3096335583413463,session-1783603749411-du6syw,filtertrack-samples2.csv
2026-07-09 13:30:56+00:00,104.0,0.025972583687487522,81.81363861558569,-0.32724843524312064,session-1783603749411-du6syw,filtertrack-samples2.csv
2026-07-09 13:30:57+00:00,105.0,0.025801535492336356,81.27483680085952,-0.33638461538461684,session-1783603749411-du6syw,filtertrack-samples2.csv
2026-07-09 13:30:58+00:00,106.0,0.02138954394618296,67.37706343047633,-0.26078124999999375,session-1783603749411-du6syw,filtertrack-samples2.csv
2026-07-09 13:30:59+00:00,107.0,0.014923130463271879,47.00786095930642,-0.22937340153451657,session-1783603749411-du6syw,filtertrack-samples2.csv
2026-07-09 13:31:00+00:00,108.0,0.0071445315315356705,22.50527432433736,-0.1974942044257233,session-1783603749411-du6syw,filtertrack-samples2.csv
2026-07-09 13:31:02+00:00,110.0,-0.009290699640071605,-29.265703866225554,0.1475237273511567,session-1783603749411-du6syw,filtertrack-samples2.csv
2026-07-09 13:31:03+00:00,111.0,-0.012905697023141165,-40.65294562289467,0.18150723025584625,session-1783603749411-du6syw,filtertrack-samples2.csv
2026-07-09 13:31:04+00:00,112.0,-0.01593702800422715,-50.20163821331552,0.23541173443130958,session-1783603749411-du6syw,filtertrack-samples2.csv
2026-07-09 13:31:05+00:00,113.0,-0.018392598573244486,-57.93668550572013,0.28750241080038563,session-1783603749411-du6syw,filtertrack-samples2.csv
2026-07-09 13:31:06+00:00,114.0,-0.019633896680604494,-61.84677454390416,0.3148079275752593,session-1783603749411-du6syw,filtertrack-samples2.csv
2026-07-09 13:31:07+00:00,115.0,-0.0195250636822932,-61.50395059922357,0.3378846153846098,session-1783603749411-du6syw,filtertrack-samples2.csv
2026-07-09 13:31:08+00:00,116.0,-0.017645796884847794,-55.58426018727055,0.261457479508195,session-1783603749411-du6syw,filtertrack-samples2.csv
2026-07-09 13:31:09+00:00,117.0,-0.017204439885758458,-54.19398564013915,0.2676964149504357,session-1783603749411-du6syw,filtertrack-samples2.csv
2026-07-09 13:31:10+00:00,118.0,-0.01591957599926025,-50.14666439766979,0.2566604774536074,session-1783603749411-du6syw,filtertrack-samples2.csv
2026-07-09 13:31:11+00:00,119.0,-0.013874242732067306,-43.70386460601201,0.23988095238095752,session-1783603749411-du6syw,filtertrack-samples2.csv
2026-07-09 13:31:12+00:00,120.0,-0.011295605064361117,-35.58115595273752,0.18018119068163685,session-1783603749411-du6syw,filtertrack-samples2.csv
2026-07-09 13:31:13+00:00,121.0,-0.009938992615549615,-31.30782673898129,0.18278199883107504,session-1783603749411-du6syw,filtertrack-samples2.csv
2026-07-09 13:31:14+00:00,122.0,-0.00800233771695469,-25.207363808407273,0.14918632788868535,session-1783603749411-du6syw,filtertrack-samples2.csv
2026-07-09 13:31:22+00:00,130.0,0.0060898503432795644,19.18302858133063,-0.10146348733232458,session-1783603749411-du6syw,filtertrack-samples2.csv
2026-07-09 13:31:23+00:00,131.0,0.008402204882106024,26.466945378633973,-0.1339072256913596,session-1783603749411-du6syw,filtertrack-samples2.csv
2026-07-09 13:31:24+00:00,132.0,0.010612648337181358,33.42984226212128,-0.17484091584896078,session-1783603749411-du6syw,filtertrack-samples2.csv
2026-07-09 13:31:25+00:00,133.0,0.013346342136913358,42.040977731277074,-0.2162129461584783,session-1783603749411-du6syw,filtertrack-samples2.csv
2026-07-09 13:31:26+00:00,134.0,0.016565379389323752,52.18094507636982,-0.2680651340996292,session-1783603749411-du6syw,filtertrack-samples2.csv
2026-07-09 13:31:27+00:00,135.0,0.02007024039652007,63.221257249038224,-0.35543422733078955,session-1783603749411-du6syw,filtertrack-samples2.csv
2026-07-09 13:31:28+00:00,136.0,0.021996000045309903,69.28740014272618,-0.36413793103449166,session-1783603749411-du6syw,filtertrack-samples2.csv
2026-07-09 13:31:29+00:00,137.0,0.023946296599196427,75.43083428746874,-0.3933035439137029,session-1783603749411-du6syw,filtertrack-samples2.csv
2026-07-09 13:31:30+00:00,138.0,0.025269186977886243,79.59793898034167,-0.3987869458128017,session-1783603749411-du6syw,filtertrack-samples2.csv
2026-07-09 13:31:31+00:00,139.0,0.024703692145805343,77.81663025928682,-0.35072727272728343,session-1783603749411-du6syw,filtertrack-samples2.csv
2026-07-09 13:31:32+00:00,140.0,0.02410601720543066,75.93395419710657,-0.3641818181818337,session-1783603749411-du6syw,filtertrack-samples2.csv
2026-07-09 13:31:33+00:00,141.0,0.022523548876626623,70.94917896137386,-0.3596459330143347,session-1783603749411-du6syw,filtertrack-samples2.csv
2026-07-09 13:31:34+00:00,142.0,0.019290317414092283,60.76449985439069,-0.31555869428748906,session-1783603749411-du6syw,filtertrack-samples2.csv
2026-07-09 13:31:35+00:00,143.0,0.015445954115808343,48.65475546479628,-0.26117454653584105,session-1783603749411-du6syw,filtertrack-samples2.csv
2026-07-09 13:31:36+00:00,144.0,0.01182703599764627,37.25516339258575,-0.2192652329749052,session-1783603749411-du6syw,filtertrack-samples2.csv
2026-07-09 13:31:37+00:00,145.0,0.008026924426646225,25.28481194393561,-0.1405291005291076,session-1783603749411-du6syw,filtertrack-samples2.csv
2026-07-09 13:31:38+00:00,146.0,0.005488871227379385,17.28994436624506,-0.11435483870965868,session-1783603749411-du6syw,filtertrack-samples2.csv
2026-07-09 13:31:46+00:00,154.0,-0.007575574224441699,-23.863058806991347,0.16092279217346572,session-1783603749411-du6syw,filtertrack-samples2.csv
2026-07-09 13:31:47+00:00,155.0,-0.009643530525120222,-30.377121154128698,0.16420244600573142,session-1783603749411-du6syw,filtertrack-samples2.csv
2026-07-09 13:31:48+00:00,156.0,-0.013624712026635729,-42.917842883902544,0.2628396871945142,session-1783603749411-du6syw,filtertrack-samples2.csv
2026-07-09 13:31:49+00:00,157.0,-0.01792141954660949,-56.45247157181989,0.3168181818181921,session-1783603749411-du6syw,filtertrack-samples2.csv
2026-07-09 13:31:50+00:00,158.0,-0.021707969775195443,-68.38010479186563,0.32915246212122895,session-1783603749411-du6syw,filtertrack-samples2.csv
2026-07-09 13:31:51+00:00,159.0,-0.026380266265097117,-83.09783873505592,0.42518759018759056,session-1783603749411-du6syw,filtertrack-samples2.csv
2026-07-09 13:31:52+00:00,160.0,-0.028391593894311475,-89.43352076708115,0.41832341269842743,session-1783603749411-du6syw,filtertrack-samples2.csv
2026-07-09 13:31:53+00:00,161.0,-0.028052951039461232,-88.36679577430289,0.3975952380952492,session-1783603749411-du6syw,filtertrack-samples2.csv
2026-07-09 13:31:54+00:00,162.0,-0.026217842226331504,-82.58620301294424,0.39254545454545564,session-1783603749411-du6syw,filtertrack-samples2.csv
2026-07-09 13:31:55+00:00,163.0,-0.023389923495844917,-73.67825901191148,0.37034925526450024,session-1783603749411-du6syw,filtertrack-samples2.csv
2026-07-09 13:31:56+00:00,164.0,-0.019654470696963255,-61.91158269543425,0.31092974238876536,session-1783603749411-du6syw,filtertrack-samples2.csv
2026-07-09 13:31:57+00:00,165.0,-0.015355247699664466,-48.369030253943066,0.283202660964605,session-1783603749411-du6syw,filtertrack-samples2.csv
2026-07-09 13:31:58+00:00,166.0,-0.009656360689803604,-30.417536172881352,0.18225044563278914,session-1783603749411-du6syw,filtertrack-samples2.csv
2026-07-09 13:32:03+00:00,171.0,-0.0026842798640988215,-8.455481571911289,0.10741758241758248,session-1783603749411-du6syw,filtertrack-samples2.csv
2026-07-09 13:32:04+00:00,172.0,-0.006747053246493227,-21.253217726453666,0.19130560928434193,session-1783603749411-du6syw,filtertrack-samples2.csv
2026-07-09 13:32:05+00:00,173.0,-0.022272043715473387,-70.15693770374116,0.6127917472598199,session-1783603749411-du6syw,filtertrack-samples2.csv
2026-07-09 13:32:41+00:00,209.0,-0.07055295349796534,-222.24180351859079,1.2287637362637298,session-1783603749411-du6syw,filtertrack-samples2.csv
2026-07-09 13:32:47+00:00,215.0,-0.43621234222309474,-1374.0688780027483,6.876389084507053,session-1783603749411-du6syw,filtertrack-samples2.csv
2026-07-09 13:32:48+00:00,216.0,-0.4561240037675102,-1436.7906118676572,6.47707792207791,session-1783603749411-du6syw,filtertrack-samples2.csv
2026-07-09 13:32:49+00:00,217.0,-0.4479902553100534,-1411.1693042266681,6.316833260584872,session-1783603749411-du6syw,filtertrack-samples2.csv
2026-07-09 13:32:51+00:00,219.0,-0.3361597073478804,-1058.9030781458232,4.839109730848904,session-1783603749411-du6syw,filtertrack-samples2.csv
2026-07-09 13:32:56+00:00,224.0,0.15300096954752115,481.95305407469164,-1.9954702380952654,session-1783603749411-du6syw,filtertrack-samples2.csv
2026-07-09 13:32:57+00:00,225.0,0.12961324346150038,408.2817169037262,-1.8022980769230799,session-1783603749411-du6syw,filtertrack-samples2.csv
2026-07-09 13:32:58+00:00,226.0,0.08219143871559312,258.90303195411826,-0.8583792919409063,session-1783603749411-du6syw,filtertrack-samples2.csv
2026-07-09 13:33:03+00:00,231.0,-0.1361850545959896,-428.9829219773672,2.1143936507936587,session-1783603749411-du6syw,filtertrack-samples2.csv
2026-07-09 13:33:04+00:00,232.0,-0.16048074406391463,-505.5143438013311,2.3836403326403115,session-1783603749411-du6syw,filtertrack-samples2.csv
2026-07-09 13:33:05+00:00,233.0,-0.1697839197192447,-534.8193471156208,2.654777916147765,session-1783603749411-du6syw,filtertrack-samples2.csv
2026-07-09 13:33:06+00:00,234.0,-0.16157229436179743,-508.9527272396619,2.50377091377095,session-1783603749411-du6syw,filtertrack-samples2.csv
2026-07-09 13:33:07+00:00,235.0,-0.14009535167322448,-441.3003577706571,2.1757564102564118,session-1783603749411-du6syw,filtertrack-samples2.csv
2026-07-09 13:33:08+00:00,236.0,-0.09891389962922831,-311.5787838320692,1.5685235920852278,session-1783603749411-du6syw,filtertrack-samples2.csv
2026-07-09 13:33:12+00:00,240.0,-0.00759587395187766,-23.927002948414632,0.4150666666666609,session-1783603749411-du6syw,filtertrack-samples2.csv
2026-07-09 13:33:13+00:00,241.0,-0.012459545685710047,-39.24756890998665,0.5160153846153719,session-1783603749411-du6syw,filtertrack-samples2.csv
2026-07-09 13:35:12+00:00,360.0,0.38520871683225827,1213.4074580216134,-6.124345335515557,session-1783603749411-du6syw,filtertrack-samples2.csv
2026-07-09 13:35:13+00:00,361.0,0.4300453221803206,1354.6427648680099,-6.0421258741258725,session-1783603749411-du6syw,filtertrack-samples2.csv
2026-07-09 13:35:14+00:00,362.0,0.44232184493685295,1393.3138115510867,-6.08864705882354,session-1783603749411-du6syw,filtertrack-samples2.csv
2026-07-09 13:35:15+00:00,363.0,0.4352117634376123,1370.9170548284787,-6.169399999999996,session-1783603749411-du6syw,filtertrack-samples2.csv
2026-07-09 13:35:16+00:00,364.0,0.3894163877064746,1226.661621275395,-6.171733757062128,session-1783603749411-du6syw,filtertrack-samples2.csv
2026-07-09 13:35:24+00:00,372.0,-0.0030395994270676027,-9.574738195262947,0.11969047619049888,session-1783603749411-du6syw,filtertrack-samples2.csv
2026-07-09 13:35:26+00:00,374.0,-0.0056796716241073455,-17.89096561593814,0.14626226583405355,session-1783603749411-du6syw,filtertrack-samples2.csv
2026-07-09 13:35:28+00:00,376.0,-0.012035732973132898,-37.912558865368624,0.15242640499553772,session-1783603749411-du6syw,filtertrack-samples2.csv
2026-07-09 13:35:29+00:00,377.0,-0.017147814418001808,-54.01561541670569,0.27562818336164696,session-1783603749411-du6syw,filtertrack-samples2.csv
2026-07-09 13:35:30+00:00,378.0,-0.023363098966057264,-73.59376174308038,0.4439508928571456,session-1783603749411-du6syw,filtertrack-samples2.csv
2026-07-09 13:35:31+00:00,379.0,-0.02743429312870069,-86.41802335540717,0.49557603686639595,session-1783603749411-du6syw,filtertrack-samples2.csv
2026-07-09 13:35:32+00:00,380.0,-0.029314320638835323,-92.34011001233127,0.4463284874729254,session-1783603749411-du6syw,filtertrack-samples2.csv
2026-07-09 13:35:33+00:00,381.0,-0.03172469735659963,-99.93279667328883,0.49269736842106227,session-1783603749411-du6syw,filtertrack-samples2.csv
2026-07-09 13:35:34+00:00,382.0,-0.030975841977729072,-97.57390222984658,0.4144674185463373,session-1783603749411-du6syw,filtertrack-samples2.csv
2026-07-09 13:35:35+00:00,383.0,-0.03023843567609702,-95.2510723797056,0.44698148148145833,session-1783603749411-du6syw,filtertrack-samples2.csv
2026-07-09 13:35:36+00:00,384.0,-0.025657886233454486,-80.82234163538163,0.35608283002588337,session-1783603749411-du6syw,filtertrack-samples2.csv
2026-07-09 13:35:37+00:00,385.0,-0.0200948027576399,-63.29862868656569,0.2999107142857156,session-1783603749411-du6syw,filtertrack-samples2.csv
2026-07-09 13:35:38+00:00,386.0,-0.015534126085547094,-48.93249716947334,0.33980566801619716,session-1783603749411-du6syw,filtertrack-samples2.csv
2026-07-09 13:35:39+00:00,387.0,-0.009815544945186947,-30.91896657733888,0.25273511647969826,session-1783603749411-du6syw,filtertrack-samples2.csv
2026-07-09 13:35:40+00:00,388.0,-0.004899453635964494,-15.433278953288157,0.11392857142857338,session-1783603749411-du6syw,filtertrack-samples2.csv
2026-07-09 13:35:46+00:00,394.0,-0.009107965317216178,-28.69009074923096,0.22195810564664953,session-1783603749411-du6syw,filtertrack-samples2.csv
2026-07-09 13:35:47+00:00,395.0,-0.018266514331537486,-57.53952014434308,0.4721811224490011,session-1783603749411-du6syw,filtertrack-samples2.csv
2026-07-09 13:35:49+00:00,397.0,-0.02924085302106879,-92.10868701636669,0.45607540983607464,session-1783603749411-du6syw,filtertrack-samples2.csv
2026-07-09 13:35:50+00:00,398.0,-0.02504370984008757,-78.88768599627583,0.17120448179272785,session-1783603749411-du6syw,filtertrack-samples2.csv
2026-07-09 13:35:51+00:00,399.0,-0.01957625962106347,-61.66521780634993,0.1631122448979454,session-1783603749411-du6syw,filtertrack-samples2.csv
2026-07-09 13:35:52+00:00,400.0,-0.020785340074546983,-65.47382123482299,0.3831246046805745,session-1783603749411-du6syw,filtertrack-samples2.csv
2026-07-09 13:35:53+00:00,401.0,-0.01260439960413681,-39.70385875303095,0.1184276729559599,session-1783603749411-du6syw,filtertrack-samples2.csv
2026-07-09 13:35:56+00:00,404.0,0.0230164831081416,72.50192179064605,-0.25643162393163266,session-1783603749411-du6syw,filtertrack-samples2.csv
2026-07-09 13:35:57+00:00,405.0,0.032241094628443,101.55944807959544,-0.47344171566933824,session-1783603749411-du6syw,filtertrack-samples2.csv
2026-07-09 13:35:58+00:00,406.0,0.029515970862587157,92.97530821714955,-0.4713213114754069,session-1783603749411-du6syw,filtertrack-samples2.csv
2026-07-09 13:35:59+00:00,407.0,0.025336842211921916,79.81105296755403,-0.4638982456140468,session-1783603749411-du6syw,filtertrack-samples2.csv
2026-07-09 13:36:00+00:00,408.0,0.016492776615141577,51.95224633769597,-0.16252723311546902,session-1783603749411-du6syw,filtertrack-samples2.csv
2026-07-09 13:36:01+00:00,409.0,0.014834137164168508,46.727532067130795,-0.13308197855411663,session-1783603749411-du6syw,filtertrack-samples2.csv
2026-07-09 13:36:02+00:00,410.0,0.012444893440070683,39.20141433622265,-0.36957621758381265,session-1783603749411-du6syw,filtertrack-samples2.csv
2026-07-09 13:36:06+00:00,414.0,-0.0069848227302409215,-22.002191600258904,0.15725384615384996,session-1783603749411-du6syw,filtertrack-samples2.csv
2026-07-09 13:36:39+00:00,447.0,0.00456532251679986,14.380765927919558,-0.1084499999999764,session-1783603749411-du6syw,filtertrack-samples2.csv
2026-07-09 13:36:40+00:00,448.0,0.005914112181425147,18.629453371489213,-0.18231575388776378,session-1783603749411-du6syw,filtertrack-samples2.csv
2026-07-09 13:36:41+00:00,449.0,0.005760346973903246,18.145092967795225,-0.11992503259452292,session-1783603749411-du6syw,filtertrack-samples2.csv
2026-07-09 13:36:48+00:00,456.0,0.01597502120578386,50.321316798219165,-0.3505769230769147,session-1783603749411-du6syw,filtertrack-samples2.csv
2026-07-09 13:36:51+00:00,459.0,0.014094640091524622,44.39811628830255,-0.21200653120465063,session-1783603749411-du6syw,filtertrack-samples2.csv
2026-07-09 13:36:56+00:00,464.0,0.002089064912698361,6.580554474999838,-0.10200779727097142,session-1783603749411-du6syw,filtertrack-samples2.csv
2026-07-09 13:36:57+00:00,465.0,-0.009864965595047967,-31.074641624401096,0.16129370629369078,session-1783603749411-du6syw,filtertrack-samples2.csv
2026-07-09 13:36:58+00:00,466.0,-0.012828883810248043,-40.41098400228133,0.22116892911012087,session-1783603749411-du6syw,filtertrack-samples2.csv
2026-07-09 13:37:31+00:00,499.0,0.011213551609322569,35.32268756936609,-0.19478727339992474,session-1783603749411-du6syw,filtertrack-samples2.csv
2026-07-09 13:37:32+00:00,500.0,0.010858090726614842,34.20298578883675,-0.15540784313725453,session-1783603749411-du6syw,filtertrack-samples2.csv
2026-07-09 13:37:40+00:00,508.0,0.46494466954372016,1464.5757090627185,-5.778810165575692,session-1783603749411-du6syw,filtertrack-samples2.csv
2026-07-09 13:37:41+00:00,509.0,0.4038337547531517,1272.076327472428,-5.73707547169812,session-1783603749411-du6syw,filtertrack-samples2.csv
2026-07-09 13:37:42+00:00,510.0,0.3298817896860375,1039.127637511018,-5.668276772247367,session-1783603749411-du6syw,filtertrack-samples2.csv
2026-07-09 13:37:49+00:00,517.0,0.011880900230391981,37.42483572573474,-0.13270975056687462,session-1783603749411-du6syw,filtertrack-samples2.csv
2026-07-09 13:37:50+00:00,518.0,0.012315043052458917,38.79238561524559,-0.12489795918364166,session-1783603749411-du6syw,filtertrack-samples2.csv
2026-07-09 13:37:52+00:00,520.0,-0.19396106849103503,-610.9773657467604,5.780237556561076,session-1783603749411-du6syw,filtertrack-samples2.csv
2026-07-09 13:37:53+00:00,521.0,-0.3313679874042496,-1043.8091603233863,5.782264150943348,session-1783603749411-du6syw,filtertrack-samples2.csv
2026-07-09 13:37:54+00:00,522.0,-0.4185923152140612,-1318.5657929242927,5.777989417989403,session-1783603749411-du6syw,filtertrack-samples2.csv
2026-07-09 13:37:55+00:00,523.0,-0.46878156050045205,-1476.661915576424,5.862477678571423,session-1783603749411-du6syw,filtertrack-samples2.csv
2026-07-09 13:37:56+00:00,524.0,-0.48605326860506043,-1531.0677961059403,5.922189839572184,session-1783603749411-du6syw,filtertrack-samples2.csv
2026-07-09 13:37:57+00:00,525.0,-0.47227476075533004,-1487.6654963792894,5.913381171067698,session-1783603749411-du6syw,filtertrack-samples2.csv
2026-07-09 13:37:58+00:00,526.0,-0.4274169669745744,-1346.3634459699092,5.936515499425951,session-1783603749411-du6syw,filtertrack-samples2.csv
2026-07-09 13:37:59+00:00,527.0,-0.34467964091769104,-1085.740868890727,6.000396825396791,session-1783603749411-du6syw,filtertrack-samples2.csv
2026-07-09 13:38:00+00:00,528.0,-0.20858869260634283,-657.0543817099799,5.95335140306122,session-1783603749411-du6syw,filtertrack-samples2.csv
2026-07-09 13:38:05+00:00,533.0,0.008235244404141468,25.941019873045622,-0.12215251865669075,session-1783603749411-du6syw,filtertrack-samples2.csv
2026-07-09 13:38:11+00:00,539.0,-0.012915512570740523,-40.683864597832645,0.28306940371456335,session-1783603749411-du6syw,filtertrack-samples2.csv
2026-07-09 13:38:12+00:00,540.0,-0.020007279252989764,-63.02292964691776,0.35616813294237204,session-1783603749411-du6syw,filtertrack-samples2.csv
2026-07-09 13:38:13+00:00,541.0,-0.0254632954686937,-80.20938072638515,0.38294117647060943,session-1783603749411-du6syw,filtertrack-samples2.csv
2026-07-09 13:38:15+00:00,543.0,-0.03127504871820708,-98.51640346235229,0.4544499723603792,session-1783603749411-du6syw,filtertrack-samples2.csv
2026-07-09 13:38:16+00:00,544.0,-0.02453982015551355,-77.30043348986767,0.24798245614030634,session-1783603749411-du6syw,filtertrack-samples2.csv
2026-07-09 13:38:20+00:00,548.0,0.021124573884602784,66.54240773649876,-0.22904894327027137,session-1783603749411-du6syw,filtertrack-samples2.csv
2026-07-09 13:38:21+00:00,549.0,0.033053390980525794,104.11818158865626,-0.46747849462363433,session-1783603749411-du6syw,filtertrack-samples2.csv
2026-07-09 13:38:22+00:00,550.0,0.0386758286326583,121.82886019287365,-0.5190155728587627,session-1783603749411-du6syw,filtertrack-samples2.csv
2026-07-09 13:38:23+00:00,551.0,0.039831990470425016,125.47076998183879,-0.5375409836065614,session-1783603749411-du6syw,filtertrack-samples2.csv
2026-07-09 13:38:24+00:00,552.0,0.0363048110830892,114.36015491173099,-0.576516203703676,session-1783603749411-du6syw,filtertrack-samples2.csv
2026-07-09 13:38:25+00:00,553.0,0.03132723289386623,98.6807836156786,-0.5641652421652168,session-1783603749411-du6syw,filtertrack-samples2.csv
2026-07-09 13:38:26+00:00,554.0,0.020171681524162165,63.540796801110815,-0.36750626566416145,session-1783603749411-du6syw,filtertrack-samples2.csv
2026-07-09 13:38:27+00:00,555.0,0.04456758454801246,140.38789132623924,-1.40619047619046,session-1783603749411-du6syw,filtertrack-samples2.csv
2026-07-09 13:38:31+00:00,559.0,0.29680270893247573,934.9285331372985,-5.32916666666668,session-1783603749411-du6syw,filtertrack-samples2.csv
2026-07-09 13:38:35+00:00,563.0,0.3749764138392295,1181.175703593573,-5.364440422322758,session-1783603749411-du6syw,filtertrack-samples2.csv
2026-07-09 13:38:36+00:00,564.0,0.3196520666803231,1006.9040100430178,-5.389920634920628,session-1783603749411-du6syw,filtertrack-samples2.csv
2026-07-09 13:38:37+00:00,565.0,0.22571044517412095,710.987902298481,-4.165557951482441,session-1783603749411-du6syw,filtertrack-samples2.csv
2026-07-09 13:38:57+00:00,585.0,0.003899401819702573,12.283115732063106,-0.1539578454332684,session-1783603749411-du6syw,filtertrack-samples2.csv
2026-07-09 13:38:58+00:00,586.0,0.004951141517633034,15.596095780544056,-0.12703107344631803,session-1783603749411-du6syw,filtertrack-samples2.csv
2026-07-09 13:39:00+00:00,588.0,0.010383004936221173,32.7064655490967,-0.166287652645849,session-1783603749411-du6syw,filtertrack-samples2.csv
2026-07-09 13:39:01+00:00,589.0,0.014871588639882962,46.84550421563133,-0.24346365914789203,session-1783603749411-du6syw,filtertrack-samples2.csv
2026-07-09 13:39:02+00:00,590.0,0.017705769394023102,55.77317359117277,-0.24238888888888255,session-1783603749411-du6syw,filtertrack-samples2.csv
2026-07-09 13:39:03+00:00,591.0,0.019955599960656652,62.86013987606845,-0.2886781326781147,session-1783603749411-du6syw,filtertrack-samples2.csv
2026-07-09 13:39:04+00:00,592.0,0.019666634223372576,61.949897803623614,-0.2850809716599372,session-1783603749411-du6syw,filtertrack-samples2.csv
2026-07-09 13:39:05+00:00,593.0,0.01789291729312349,56.36268947333899,-0.2836562889165748,session-1783603749411-du6syw,filtertrack-samples2.csv
2026-07-09 13:39:06+00:00,594.0,0.012922442096238808,40.705692603152244,-0.17546052631578846,session-1783603749411-du6syw,filtertrack-samples2.csv
2026-07-09 13:39:10+00:00,598.0,-0.013943371732124735,-43.92162095619292,0.184841012329656,session-1783603749411-du6syw,filtertrack-samples2.csv
2026-07-09 13:39:11+00:00,599.0,-0.020712120632007756,-65.24317999082443,0.32689125799575436,session-1783603749411-du6syw,filtertrack-samples2.csv
2026-07-09 13:39:12+00:00,600.0,-0.023184670127503273,-73.03171090163531,0.2999494949494874,session-1783603749411-du6syw,filtertrack-samples2.csv
2026-07-09 13:39:13+00:00,601.0,-0.024295694517084118,-76.53143772881498,0.3359936406995132,session-1783603749411-du6syw,filtertrack-samples2.csv
2026-07-09 13:39:14+00:00,602.0,-0.023078121325123938,-72.6960821741404,0.3287461300309644,session-1783603749411-du6syw,filtertrack-samples2.csv
2026-07-09 13:39:15+00:00,603.0,-0.020120432596460222,-63.379362678849695,0.3296692759295752,session-1783603749411-du6syw,filtertrack-samples2.csv
2026-07-09 13:39:16+00:00,604.0,-0.014341114891460387,-45.174511908100214,0.23023550724639108,session-1783603749411-du6syw,filtertrack-samples2.csv
2026-07-09 13:39:17+00:00,605.0,-0.008798097183637986,-27.714006128459655,0.14264671361502224,session-1783603749411-du6syw,filtertrack-samples2.csv
2026-07-09 13:39:24+00:00,612.0,-0.009236542819571803,-29.09510988165118,0.15684033613447923,session-1783603749411-du6syw,filtertrack-samples2.csv
2026-07-09 13:39:25+00:00,613.0,-0.013624389862916787,-42.916828068187876,0.19444031311152798,session-1783603749411-du6syw,filtertrack-samples2.csv
2026-07-09 13:39:26+00:00,614.0,-0.017039326875774193,-53.67387965868871,0.23425773599686295,session-1783603749411-du6syw,filtertrack-samples2.csv
2026-07-09 13:39:27+00:00,615.0,-0.018113401601344812,-57.05721504423616,0.2400000000000091,session-1783603749411-du6syw,filtertrack-samples2.csv
2026-07-09 13:39:28+00:00,616.0,-0.016716659462625457,-52.65747730727019,0.2245317460316869,session-1783603749411-du6syw,filtertrack-samples2.csv
2026-07-09 13:39:29+00:00,617.0,-0.014626695264274401,-46.07409008246436,0.22915476190476625,session-1783603749411-du6syw,filtertrack-samples2.csv
2026-07-09 13:39:30+00:00,618.0,-0.0121575943203155,-38.29642210899382,0.20115013169447593,session-1783603749411-du6syw,filtertrack-samples2.csv
2026-07-09 13:39:31+00:00,619.0,-0.010634618936484501,-33.49904964992618,0.22807142857143958,session-1783603749411-du6syw,filtertrack-samples2.csv
2026-07-09 13:39:32+00:00,620.0,-0.008111180217740111,-25.550217685881353,0.16093596059116066,session-1783603749411-du6syw,filtertrack-samples2.csv
2026-07-09 13:39:33+00:00,621.0,-0.007815756678005914,-24.619633535718627,0.19373857178158005,session-1783603749411-du6syw,filtertrack-samples2.csv
2026-07-09 13:39:34+00:00,622.0,-0.013168818132624558,-41.48177711776736,0.35502597402594915,session-1783603749411-du6syw,filtertrack-samples2.csv
2026-07-09 13:39:37+00:00,625.0,-0.20085458146725568,-632.6919316218554,4.4082890787346685,session-1783603749411-du6syw,filtertrack-samples2.csv
2026-07-09 13:39:38+00:00,626.0,-0.32327631064990553,-1018.3203785472024,5.4517243186582505,session-1783603749411-du6syw,filtertrack-samples2.csv
2026-07-09 13:39:39+00:00,627.0,-0.38506769567943666,-1212.9632413902254,5.389962121212079,session-1783603749411-du6syw,filtertrack-samples2.csv
2026-07-09 13:39:40+00:00,628.0,-0.4142773518464086,-1304.973658316187,5.405098039215659,session-1783603749411-du6syw,filtertrack-samples2.csv
2026-07-09 13:39:47+00:00,635.0,0.2920182100068347,919.8573615215294,-3.9614014786242535,session-1783603749411-du6syw,filtertrack-samples2.csv
2026-07-09 13:39:48+00:00,636.0,0.3453698682600083,1087.9150850190263,-5.102187281621212,session-1783603749411-du6syw,filtertrack-samples2.csv
2026-07-09 13:39:49+00:00,637.0,0.3471570423672033,1093.5446834566903,-5.0900626959247575,session-1783603749411-du6syw,filtertrack-samples2.csv
2026-07-09 13:39:50+00:00,638.0,0.3331680871435022,1049.479474502032,-5.161598537720181,session-1783603749411-du6syw,filtertrack-samples2.csv
2026-07-09 13:39:56+00:00,644.0,0.03454739680088417,108.82429992278514,-0.6327237076648657,session-1783603749411-du6syw,filtertrack-samples2.csv
2026-07-09 13:40:46+00:00,694.0,-0.01366818635863515,-43.05478702970072,0.15040106951869348,session-1783603749411-du6syw,filtertrack-samples2.csv
2026-07-09 13:40:47+00:00,695.0,-0.011947239680253277,-37.63380499279782,0.13489903424053296,session-1783603749411-du6syw,filtertrack-samples2.csv
2026-07-09 13:40:48+00:00,696.0,-0.01159213325331019,-36.5152197479271,0.1789082365948218,session-1783603749411-du6syw,filtertrack-samples2.csv
2026-07-09 13:40:49+00:00,697.0,-0.009901050896586256,-31.188310324246707,0.1875600835945761,session-1783603749411-du6syw,filtertrack-samples2.csv
2026-07-09 13:40:50+00:00,698.0,-0.0074499672732732366,-23.467396910810695,0.15366771159875725,session-1783603749411-du6syw,filtertrack-samples2.csv
2026-07-09 13:40:51+00:00,699.0,-0.005570669126761196,-17.547607749297764,0.10818670971212896,session-1783603749411-du6syw,filtertrack-samples2.csv
2026-07-09 13:40:52+00:00,700.0,-0.006793398816107046,-21.399206270737192,0.18145161290320289,session-1783603749411-du6syw,filtertrack-samples2.csv
2026-07-09 13:40:53+00:00,701.0,-0.00874882148223963,-27.558787669054837,0.19451587301583118,session-1783603749411-du6syw,filtertrack-samples2.csv
2026-07-09 13:40:54+00:00,702.0,-0.011226113364205977,-35.36225709724883,0.18550284090909486,session-1783603749411-du6syw,filtertrack-samples2.csv
2026-07-09 13:40:55+00:00,703.0,-0.01593687648452072,-50.20116092624028,0.2758754208754226,session-1783603749411-du6syw,filtertrack-samples2.csv
2026-07-09 13:40:56+00:00,704.0,-0.021151820727817523,-66.62823529262519,0.3523070325900335,session-1783603749411-du6syw,filtertrack-samples2.csv
2026-07-09 13:40:57+00:00,705.0,-0.026323684209678344,-82.91960526048678,0.44032721010330533,session-1783603749411-du6syw,filtertrack-samples2.csv
2026-07-09 13:40:58+00:00,706.0,-0.03028257066597344,-95.39009759781634,0.4749412511908133,session-1783603749411-du6syw,filtertrack-samples2.csv
2026-07-09 13:41:00+00:00,708.0,-0.03477372617923056,-109.53723746457626,0.5317504835589659,session-1783603749411-du6syw,filtertrack-samples2.csv
2026-07-09 13:41:01+00:00,709.0,-0.03483154136513089,-109.7193553001623,0.5704539682539576,session-1783603749411-du6syw,filtertrack-samples2.csv
2026-07-09 13:41:02+00:00,710.0,-0.032143546636007554,-101.2521719034238,0.4956221198156925,session-1783603749411-du6syw,filtertrack-samples2.csv
2026-07-09 13:41:03+00:00,711.0,-0.028738814893547886,-90.52726691467585,0.4260641025641121,session-1783603749411-du6syw,filtertrack-samples2.csv
2026-07-09 13:41:04+00:00,712.0,-0.024739865690540496,-77.93057692520256,0.4114545454545464,session-1783603749411-du6syw,filtertrack-samples2.csv
2026-07-09 13:41:05+00:00,713.0,-0.01918832841649976,-60.44323451197424,0.32621548821549595,session-1783603749411-du6syw,filtertrack-samples2.csv
2026-07-09 13:41:06+00:00,714.0,-0.013341129167639614,-42.024556878064786,0.22291625289639683,session-1783603749411-du6syw,filtertrack-samples2.csv
2026-07-09 13:41:07+00:00,715.0,-0.008369843635069788,-26.365007450469836,0.1672527472527463,session-1783603749411-du6syw,filtertrack-samples2.csv
2026-07-09 13:41:08+00:00,716.0,-0.004127343331026736,-13.001131492734217,0.11131777625260497,session-1783603749411-du6syw,filtertrack-samples2.csv
2026-07-09 13:41:11+00:00,719.0,0.004737527868026631,14.923212784283885,-0.1183538461538376,session-1783603749411-du6syw,filtertrack-samples2.csv
2026-07-09 13:41:12+00:00,720.0,0.009221513050921806,29.047766110403686,-0.22021645021644076,session-1783603749411-du6syw,filtertrack-samples2.csv
2026-07-09 13:41:13+00:00,721.0,0.013210403044920323,41.61276959149902,-0.2381370192307486,session-1783603749411-du6syw,filtertrack-samples2.csv
2026-07-09 13:41:14+00:00,722.0,0.016221538407184783,51.09784598263206,-0.23684848484850818,session-1783603749411-du6syw,filtertrack-samples2.csv
2026-07-09 13:41:15+00:00,723.0,0.018653471607973652,58.758435565117,-0.2731136363636608,session-1783603749411-du6syw,filtertrack-samples2.csv
2026-07-09 13:41:16+00:00,724.0,0.018925165003859625,59.61426976215782,-0.22402358354904095,session-1783603749411-du6syw,filtertrack-samples2.csv
2026-07-09 13:41:17+00:00,725.0,0.019246649091169545,60.62694463718407,-0.25700460829492044,session-1783603749411-du6syw,filtertrack-samples2.csv
2026-07-09 13:41:18+00:00,726.0,0.017599778647331824,55.43930273909524,-0.25624384909784226,session-1783603749411-du6syw,filtertrack-samples2.csv
2026-07-09 13:41:19+00:00,727.0,0.01478058375563676,46.558838830255795,-0.2533169129720534,session-1783603749411-du6syw,filtertrack-samples2.csv
2026-07-09 13:41:20+00:00,728.0,0.010661756478298751,33.584532906641066,-0.22137921727397725,session-1783603749411-du6syw,filtertrack-samples2.csv
2026-07-09 13:41:22+00:00,730.0,-0.004284601334737525,-13.496494204423204,0.12861546499476617,session-1783603749411-du6syw,filtertrack-samples2.csv
2026-07-09 13:41:23+00:00,731.0,-0.011069924557808178,-34.87026235709576,0.23526218220337114,session-1783603749411-du6syw,filtertrack-samples2.csv
2026-07-09 13:41:24+00:00,732.0,-0.016445014379841555,-51.8017952965009,0.26030303030304935,session-1783603749411-du6syw,filtertrack-samples2.csv
2026-07-09 13:41:25+00:00,733.0,-0.020689926679037504,-65.17326903896814,0.29576754385965387,session-1783603749411-du6syw,filtertrack-samples2.csv
2026-07-09 13:41:26+00:00,734.0,-0.0219303384953395,-69.08056626031942,0.2564351208669393,session-1783603749411-du6syw,filtertrack-samples2.csv
2026-07-09 13:41:27+00:00,735.0,-0.023444237265093773,-73.84934738504538,0.31529032258066536,session-1783603749411-du6syw,filtertrack-samples2.csv
2026-07-09 13:41:28+00:00,736.0,-0.02298678658048846,-72.40837772853865,0.3182745207002142,session-1783603749411-du6syw,filtertrack-samples2.csv
2026-07-09 13:41:29+00:00,737.0,-0.021715255116557794,-68.40305361715706,0.35958257713249964,session-1783603749411-du6syw,filtertrack-samples2.csv
2026-07-09 13:41:30+00:00,738.0,-0.019436149297504472,-61.223870287139086,0.39463795853274064,session-1783603749411-du6syw,filtertrack-samples2.csv
2026-07-09 13:41:31+00:00,739.0,-0.015482257739524196,-48.76911187950122,0.32310939907551983,session-1783603749411-du6syw,filtertrack-samples2.csv
2026-07-09 13:41:32+00:00,740.0,-0.012096619978940324,-38.104352933662014,0.22628352490420411,session-1783603749411-du6syw,filtertrack-samples2.csv
2026-07-09 13:41:33+00:00,741.0,-0.009726727519230182,-30.63919168557507,0.13268252933508506,session-1783603749411-du6syw,filtertrack-samples2.csv
2026-07-09 13:41:37+00:00,745.0,0.007476556196503545,23.551152018986166,-0.13022807017543414,session-1783603749411-du6syw,filtertrack-samples2.csv
2026-07-09 13:41:38+00:00,746.0,0.014234185010892061,44.83768278431,-0.22403723256462627,session-1783603749411-du6syw,filtertrack-samples2.csv
2026-07-09 13:41:39+00:00,747.0,0.02079045544484257,65.48993465125409,-0.2982510121457551,session-1783603749411-du6syw,filtertrack-samples2.csv
2026-07-09 13:41:40+00:00,748.0,0.02497191228859023,78.66152370905922,-0.34710489510493403,session-1783603749411-du6syw,filtertrack-samples2.csv
2026-07-09 13:41:41+00:00,749.0,0.02697920227899393,84.98448717883088,-0.3893805855161929,session-1783603749411-du6syw,filtertrack-samples2.csv
2026-07-09 13:41:42+00:00,750.0,0.027827710154643127,87.65728698712584,-0.4386973180076552,session-1783603749411-du6syw,filtertrack-samples2.csv
2026-07-09 13:41:43+00:00,751.0,0.026538008554895135,83.59472694791967,-0.4337105926860261,session-1783603749411-du6syw,filtertrack-samples2.csv
2026-07-09 13:41:44+00:00,752.0,0.02268459921710524,71.45648753388151,-0.34107972379160856,session-1783603749411-du6syw,filtertrack-samples2.csv
2026-07-09 13:41:45+00:00,753.0,0.018348188864771613,57.79679492403058,-0.2742138364779976,session-1783603749411-du6syw,filtertrack-samples2.csv
2026-07-09 13:41:46+00:00,754.0,0.014207987813768846,44.75516161337186,-0.2501653764954028,session-1783603749411-du6syw,filtertrack-samples2.csv
2026-07-09 13:41:48+00:00,756.0,-0.18451651537752156,-581.2270234391929,5.323037554004657,session-1783603749411-du6syw,filtertrack-samples2.csv
2026-07-09 13:41:49+00:00,757.0,-0.3080631821164466,-970.3990236668069,5.32737062937062,session-1783603749411-du6syw,filtertrack-samples2.csv
2026-07-09 13:41:50+00:00,758.0,-0.3842919319108705,-1210.5195855192421,5.302380704041724,session-1783603749411-du6syw,filtertrack-samples2.csv
2026-07-09 13:41:51+00:00,759.0,-0.4270841027002042,-1345.3149235056433,5.341344818004984,session-1783603749411-du6syw,filtertrack-samples2.csv
2026-07-09 13:41:52+00:00,760.0,-0.4406695817949541,-1388.109182654105,5.378141762452088,session-1783603749411-du6syw,filtertrack-samples2.csv
2026-07-09 13:41:53+00:00,761.0,-0.42614729284453523,-1342.363972460286,5.3830054644809024,session-1783603749411-du6syw,filtertrack-samples2.csv
2026-07-09 13:41:54+00:00,762.0,-0.3825655852621005,-1205.0815935756166,5.348367152064867,session-1783603749411-du6syw,filtertrack-samples2.csv
2026-07-09 13:41:55+00:00,763.0,-0.305154832470732,-961.2377222828057,5.306019392033562,session-1783603749411-du6syw,filtertrack-samples2.csv
2026-07-09 13:41:56+00:00,764.0,-0.18308295258303375,-576.7113006365563,5.315510204081619,session-1783603749411-du6syw,filtertrack-samples2.csv
2026-07-09 13:41:57+00:00,765.0,0.0072064014504474305,22.700164568909404,-0.12592760180999107,session-1783603749411-du6syw,filtertrack-samples2.csv
2026-07-09 13:41:58+00:00,766.0,0.006328089635472741,19.933482351739134,-0.11055985552115999,session-1783603749411-du6syw,filtertrack-samples2.csv
2026-07-14 12:15:43+00:00,27.0,0.006243747762334849,19.667805451354774,-0.11414141414140033,session-1784031314726-n0212a,filtertrack-samples3.csv
2026-07-14 13:41:16+00:00,55.0,-0.0066615321882268555,-20.983826392914594,0.12134767025088422,session-1784036780900-38r373,filtertrack-samples4.csv
2026-07-14 13:41:17+00:00,56.0,-0.009020131033803471,-28.413412756480934,0.13603550973657264,session-1784036780900-38r373,filtertrack-samples4.csv
2026-07-14 13:41:18+00:00,57.0,-0.010216311845564652,-32.18138231352865,0.156154891304368,session-1784036780900-38r373,filtertrack-samples4.csv
2026-07-14 13:41:19+00:00,58.0,-0.009943895356034781,-31.323270371509558,0.1317902081903526,session-1784036780900-38r373,filtertrack-samples4.csv
2026-07-14 13:41:20+00:00,59.0,-0.0096157311439114,-30.289553103320912,0.13277304964539383,session-1784036780900-38r373,filtertrack-samples4.csv
2026-07-14 13:41:22+00:00,61.0,-0.007033939097202497,-22.156908156187864,0.11152428216945509,session-1784036780900-38r373,filtertrack-samples4.csv
2026-07-14 13:41:23+00:00,62.0,-0.004881489900750336,-15.376693187363557,0.1023687943262388,session-1784036780900-38r373,filtertrack-samples4.csv
2026-07-14 13:41:26+00:00,65.0,0.005001553115767102,15.754892314666373,-0.10504238258879184,session-1784036780900-38r373,filtertrack-samples4.csv
2026-07-14 13:41:28+00:00,67.0,0.0075477774033424145,23.775498820528608,-0.11375905797100927,session-1784036780900-38r373,filtertrack-samples4.csv
2026-07-14 13:41:29+00:00,68.0,0.007959627719447594,25.07282731625992,-0.10206904357667668,session-1784036780900-38r373,filtertrack-samples4.csv
2026-07-14 13:41:30+00:00,69.0,0.008112324314838111,25.55382159174005,-0.11292982456140521,session-1784036780900-38r373,filtertrack-samples4.csv
2026-07-14 13:41:33+00:00,72.0,0.00527166464092176,16.605743618903542,-0.10681249999998954,session-1784036780900-38r373,filtertrack-samples4.csv
2026-07-14 13:41:46+00:00,85.0,-0.007442146440350272,-23.44276128710336,0.1316128277153581,session-1784036780900-38r373,filtertrack-samples4.csv
2026-07-14 13:41:47+00:00,86.0,-0.009106893917682666,-28.686715840700398,0.13143969298245395,session-1784036780900-38r373,filtertrack-samples4.csv
2026-07-14 13:41:48+00:00,87.0,-0.010068545909261217,-31.715919614172833,0.13746829710143516,session-1784036780900-38r373,filtertrack-samples4.csv
2026-07-14 13:41:49+00:00,88.0,-0.010553962722978136,-33.24498257738113,0.13774022108843553,session-1784036780900-38r373,filtertrack-samples4.csv
2026-07-14 13:41:50+00:00,89.0,-0.010375267755615885,-32.68209343019004,0.14620833333333394,session-1784036780900-38r373,filtertrack-samples4.csv
2026-07-14 13:41:51+00:00,90.0,-0.009014326425595819,-28.395128240626825,0.12711642743221319,session-1784036780900-38r373,filtertrack-samples4.csv
2026-07-14 13:41:52+00:00,91.0,-0.007205172829372754,-22.696294412524175,0.1256608187134418,session-1784036780900-38r373,filtertrack-samples4.csv
2026-07-14 13:41:53+00:00,92.0,-0.004863861913697422,-15.321165028146881,0.10168458781362233,session-1784036780900-38r373,filtertrack-samples4.csv
2026-07-14 13:41:58+00:00,97.0,0.006156784580192873,19.39387142760755,-0.10894965675055346,session-1784036780900-38r373,filtertrack-samples4.csv
2026-07-14 13:41:59+00:00,98.0,0.007446885817999936,23.457690326699797,-0.1104813596491141,session-1784036780900-38r373,filtertrack-samples4.csv
2026-07-14 13:42:00+00:00,99.0,0.009409851681377665,29.64103279633964,-0.1607185374149651,session-1784036780900-38r373,filtertrack-samples4.csv
2026-07-14 13:42:01+00:00,100.0,0.010598675017541704,33.385826305256366,-0.1588377645143879,session-1784036780900-38r373,filtertrack-samples4.csv
2026-07-14 13:42:02+00:00,101.0,0.011459867107344111,36.09858138813395,-0.16848910154172358,session-1784036780900-38r373,filtertrack-samples4.csv
2026-07-14 13:42:03+00:00,102.0,0.011607015409992876,36.56209854147756,-0.18016943629845628,session-1784036780900-38r373,filtertrack-samples4.csv
2026-07-14 13:42:04+00:00,103.0,0.011361957657649862,35.790166621597066,-0.19171717171717262,session-1784036780900-38r373,filtertrack-samples4.csv
2026-07-14 13:42:05+00:00,104.0,0.01060512971069218,33.40615858868037,-0.18041489361702645,session-1784036780900-38r373,filtertrack-samples4.csv
2026-07-14 13:42:06+00:00,105.0,0.009103369067245359,28.67561256182288,-0.1257142857142668,session-1784036780900-38r373,filtertrack-samples4.csv
2026-07-14 13:42:07+00:00,106.0,0.007857278854068131,24.75042839031461,-0.125231725300182,session-1784036780900-38r373,filtertrack-samples4.csv
2026-07-14 13:42:14+00:00,113.0,-0.01000437669254634,-31.51378658152097,0.15624348750664296,session-1784036780900-38r373,filtertrack-samples4.csv
2026-07-14 13:42:15+00:00,114.0,-0.011385174762091685,-35.86330050058881,0.18573404255319304,session-1784036780900-38r373,filtertrack-samples4.csv
2026-07-14 13:42:16+00:00,115.0,-0.012185998645371022,-38.38589573291872,0.1990816326530478,session-1784036780900-38r373,filtertrack-samples4.csv
2026-07-14 13:42:17+00:00,116.0,-0.012686712898023365,-39.9631456287736,0.20771077107706049,session-1784036780900-38r373,filtertrack-samples4.csv
2026-07-14 13:42:18+00:00,117.0,-0.012503720282772971,-39.386718890734855,0.19430000000001257,session-1784036780900-38r373,filtertrack-samples4.csv
2026-07-14 13:42:19+00:00,118.0,-0.012394578179099747,-39.0429212641642,0.21965102040816475,session-1784036780900-38r373,filtertrack-samples4.csv
2026-07-14 13:42:20+00:00,119.0,-0.010617711220197777,-33.445790343622996,0.15141414141417897,session-1784036780900-38r373,filtertrack-samples4.csv
2026-07-14 13:42:21+00:00,120.0,-0.009299887944888884,-29.294647026399982,0.1269387755102116,session-1784036780900-38r373,filtertrack-samples4.csv
2026-07-14 13:42:22+00:00,121.0,-0.007565659429793799,-23.831827203850466,0.10909129967777176,session-1784036780900-38r373,filtertrack-samples4.csv
2026-07-14 13:42:23+00:00,122.0,-0.005812190606134893,-18.308400409324914,0.11327282491947699,session-1784036780900-38r373,filtertrack-samples4.csv
2026-07-14 13:43:09+00:00,168.0,-0.007849487486183514,-24.72588558147807,0.1141553465691203,session-1784036780900-38r373,filtertrack-samples4.csv
2026-07-14 13:43:10+00:00,169.0,-0.010674956653064538,-33.626113457153295,0.147941919191922,session-1784036780900-38r373,filtertrack-samples4.csv
2026-07-14 13:43:11+00:00,170.0,-0.011582378902789878,-36.48449354378812,0.14159484536085643,session-1784036780900-38r373,filtertrack-samples4.csv
2026-07-14 13:43:12+00:00,171.0,-0.012704272880097558,-40.01845957230731,0.19725252525257986,session-1784036780900-38r373,filtertrack-samples4.csv
2026-07-14 13:43:13+00:00,172.0,-0.011903659970352521,-37.49652890661044,0.17343434343430886,session-1784036780900-38r373,filtertrack-samples4.csv
2026-07-14 13:43:14+00:00,173.0,-0.010555939622594579,-33.25120981117293,0.15523586379258347,session-1784036780900-38r373,filtertrack-samples4.csv
2026-07-14 13:43:15+00:00,174.0,-0.009141968584391126,-28.797201040832046,0.16080144557822962,session-1784036780900-38r373,filtertrack-samples4.csv
2026-07-14 13:43:16+00:00,175.0,-0.007567911810861359,-23.83892220421328,0.1567338709677415,session-1784036780900-38r373,filtertrack-samples4.csv
2026-07-14 13:43:17+00:00,176.0,-0.00578170365570521,-18.21236651547141,0.11927268607678343,session-1784036780900-38r373,filtertrack-samples4.csv
2026-07-14 13:43:18+00:00,177.0,-0.004974540437157831,-15.669802377047167,0.1006577715355661,session-1784036780900-38r373,filtertrack-samples4.csv
2026-07-14 13:43:29+00:00,188.0,0.0077247303893245725,24.332900726372404,-0.11369897959185948,session-1784036780900-38r373,filtertrack-samples4.csv
2026-07-14 13:43:30+00:00,189.0,0.009850156649020309,31.027993444413973,-0.13651052631580285,session-1784036780900-38r373,filtertrack-samples4.csv
2026-07-14 13:43:31+00:00,190.0,0.011546171219099241,36.37043934016261,-0.1669185567010203,session-1784036780900-38r373,filtertrack-samples4.csv
2026-07-14 13:43:32+00:00,191.0,0.011510873933500235,36.259252890525744,-0.14598475085908547,session-1784036780900-38r373,filtertrack-samples4.csv
2026-07-14 13:43:33+00:00,192.0,0.009809424992998923,30.899688727946607,-0.11833295194504956,session-1784036780900-38r373,filtertrack-samples4.csv
2026-07-14 13:43:34+00:00,193.0,0.0076541635577225785,24.11061520682612,-0.1303353937728815,session-1784036780900-38r373,filtertrack-samples4.csv
2026-07-14 13:44:26+00:00,245.0,0.003470279689625468,10.931381022320224,-0.1055670103092865,session-1784036780900-38r373,filtertrack-samples4.csv
2026-07-14 13:44:36+00:00,255.0,-0.006154331298327977,-19.386143589733123,0.12073297836184338,session-1784036780900-38r373,filtertrack-samples4.csv
2026-07-14 13:44:45+00:00,264.0,0.006637277665751206,20.907424647116297,-0.10479861111112143,session-1784036780900-38r373,filtertrack-samples4.csv
2026-07-14 13:44:46+00:00,265.0,0.006685807590102484,21.060293908822825,-0.1014331501831407,session-1784036780900-38r373,filtertrack-samples4.csv
2026-07-14 13:44:54+00:00,273.0,-0.008051076300200851,-25.36089034563268,0.10343857388316735,session-1784036780900-38r373,filtertrack-samples4.csv
2026-07-14 13:44:55+00:00,274.0,-0.008130896609928932,-25.612324321276137,0.12999362244897839,session-1784036780900-38r373,filtertrack-samples4.csv
2026-07-14 13:44:56+00:00,275.0,-0.007025193907951306,-22.129360810046613,0.12054292929292387,session-1784036780900-38r373,filtertrack-samples4.csv
2026-07-14 13:45:38+00:00,317.0,0.006126603375033524,19.298800631355597,-0.10680725623581111,session-1784036780900-38r373,filtertrack-samples4.csv
2026-07-14 13:45:40+00:00,319.0,0.005159800234271932,16.253370737956583,-0.10195981554682021,session-1784036780900-38r373,filtertrack-samples4.csv
2026-07-14 13:45:48+00:00,327.0,-0.008524030663417781,-26.85069658976601,0.12133503401359746,session-1784036780900-38r373,filtertrack-samples4.csv
2026-07-14 13:45:49+00:00,328.0,-0.009402074594663178,-29.616534973189008,0.13390294699573246,session-1784036780900-38r373,filtertrack-samples4.csv
2026-07-14 13:45:50+00:00,329.0,-0.009749332923774823,-30.710398709890693,0.1545454545454703,session-1784036780900-38r373,filtertrack-samples4.csv
2026-07-14 13:45:51+00:00,330.0,-0.009088794524240806,-28.629702751358536,0.15005359719644673,session-1784036780900-38r373,filtertrack-samples4.csv
2026-07-14 13:45:52+00:00,331.0,-0.007454050244009231,-23.480258268629076,0.1074968434343333,session-1784036780900-38r373,filtertrack-samples4.csv
